id,title,time_range,tool,method,story_function,image_prompt,video_prompt,asset_status
s1-1,Office data routine,0-6s,"manual text-to-image, then image-to-video",text-to-image-to-video,Establish the future data office and the protagonist's repetitive upload work.,"Office data routine. Establish the future data office and the protagonist's repetitive upload work. Create a still image that can become the first frame of this shot. Continuity: same exhausted protagonist, same bureaucratic boss when present, same black CIVILIZATION ARCHIVE hard drive when present, cold blue data-office palette before the impact, ash-gray ruin palette after the impact, blue holographic reconstruction light in the final sequence. Style: vertical 9:16 cinematic frame, photorealistic sci-fi disaster film style, controlled composition, clear subject hierarchy, no subtitles, no watermark. Story context: # The Last Data

A future architectural data worker believes that scanning and uploading civilization data is meaningless routine work. In a cold data office, the protagonist is pressured by a boss to keep uploading architectural scan data even as an extinction-level impact alert interrupts the workday.

The conflict escalates because the boss still demands that the data upload be completed before evacuation. The protagonist finally breaks down, asking what the work is for if the world is ending.

After the catastrophe, the protagonist wakes in the ruins of the city. The office, the buildings, and the old civilization appear destroyed. In the ruins, the protagonist discovers a hard drive marked `CIVILIZATION ARCHIVE`.

When the hard drive activates, the stored architectural data becomes the basis for rebuilding the city. Blue holographic scans and architectural wireframes rise from the ruins, suggesting that the data once considered meaningless has become the last surviving blueprint of civilization.","Office data routine. Slow push-in through the future data office; screens flicker subtly while the protagonist repeats the upload routine. Preserve character and environment continuity. Use smooth, physically plausible camera motion. Do not add unsupported characters, logos, subtitles, or unrelated props.",generated prompt only; no image or video asset is created or overwritten in stage 0-to-0.5
s1-2,Boss pressure,6-12s,"manual text-to-image, then image-to-video",text-to-image-to-video,Show the boss pressuring the protagonist to keep uploading data.,"Boss pressure. Show the boss pressuring the protagonist to keep uploading data. Create a still image that can become the first frame of this shot. Continuity: same exhausted protagonist, same bureaucratic boss when present, same black CIVILIZATION ARCHIVE hard drive when present, cold blue data-office palette before the impact, ash-gray ruin palette after the impact, blue holographic reconstruction light in the final sequence. Style: vertical 9:16 cinematic frame, photorealistic sci-fi disaster film style, controlled composition, clear subject hierarchy, no subtitles, no watermark. Story context: # The Last Data

A future architectural data worker believes that scanning and uploading civilization data is meaningless routine work. In a cold data office, the protagonist is pressured by a boss to keep uploading architectural scan data even as an extinction-level impact alert interrupts the workday.

The conflict escalates because the boss still demands that the data upload be completed before evacuation. The protagonist finally breaks down, asking what the work is for if the world is ending.

After the catastrophe, the protagonist wakes in the ruins of the city. The office, the buildings, and the old civilization appear destroyed. In the ruins, the protagonist discovers a hard drive marked `CIVILIZATION ARCHIVE`.

When the hard drive activates, the stored architectural data becomes the basis for rebuilding the city. Blue holographic scans and architectural wireframes rise from the ruins, suggesting that the data once considered meaningless has become the last surviving blueprint of civilization.","Boss pressure. Maintain the same office layout; the boss leans in and points toward the upload progress while the protagonist stays tense and silent. Preserve character and environment continuity. Use smooth, physically plausible camera motion. Do not add unsupported characters, logos, subtitles, or unrelated props.",generated prompt only; no image or video asset is created or overwritten in stage 0-to-0.5
s1-3,Extinction alert,12-18s,"manual text-to-image, then image-to-video",text-to-image-to-video,Introduce the emergency alert while the office routine continues.,"Extinction alert. Introduce the emergency alert while the office routine continues. Create a still image that can become the first frame of this shot. Continuity: same exhausted protagonist, same bureaucratic boss when present, same black CIVILIZATION ARCHIVE hard drive when present, cold blue data-office palette before the impact, ash-gray ruin palette after the impact, blue holographic reconstruction light in the final sequence. Style: vertical 9:16 cinematic frame, photorealistic sci-fi disaster film style, controlled composition, clear subject hierarchy, no subtitles, no watermark. Story context: # The Last Data

A future architectural data worker believes that scanning and uploading civilization data is meaningless routine work. In a cold data office, the protagonist is pressured by a boss to keep uploading architectural scan data even as an extinction-level impact alert interrupts the workday.

The conflict escalates because the boss still demands that the data upload be completed before evacuation. The protagonist finally breaks down, asking what the work is for if the world is ending.

After the catastrophe, the protagonist wakes in the ruins of the city. The office, the buildings, and the old civilization appear destroyed. In the ruins, the protagonist discovers a hard drive marked `CIVILIZATION ARCHIVE`.

When the hard drive activates, the stored architectural data becomes the basis for rebuilding the city. Blue holographic scans and architectural wireframes rise from the ruins, suggesting that the data once considered meaningless has become the last surviving blueprint of civilization.","Extinction alert. Red alert light enters the blue office lighting; the characters react to the broadcast before anyone moves. Preserve character and environment continuity. Use smooth, physically plausible camera motion. Do not add unsupported characters, logos, subtitles, or unrelated props.",generated prompt only; no image or video asset is created or overwritten in stage 0-to-0.5
s2-1,Hand tension,18-21s,manual image-to-video,image-to-video,Use a close-up of the protagonist's hand to show suppressed anger.,"Hand tension. Use a close-up of the protagonist's hand to show suppressed anger. Create a still image that can become the first frame of this shot. Continuity: same exhausted protagonist, same bureaucratic boss when present, same black CIVILIZATION ARCHIVE hard drive when present, cold blue data-office palette before the impact, ash-gray ruin palette after the impact, blue holographic reconstruction light in the final sequence. Style: vertical 9:16 cinematic frame, photorealistic sci-fi disaster film style, controlled composition, clear subject hierarchy, no subtitles, no watermark. Story context: # The Last Data

A future architectural data worker believes that scanning and uploading civilization data is meaningless routine work. In a cold data office, the protagonist is pressured by a boss to keep uploading architectural scan data even as an extinction-level impact alert interrupts the workday.

The conflict escalates because the boss still demands that the data upload be completed before evacuation. The protagonist finally breaks down, asking what the work is for if the world is ending.

After the catastrophe, the protagonist wakes in the ruins of the city. The office, the buildings, and the old civilization appear destroyed. In the ruins, the protagonist discovers a hard drive marked `CIVILIZATION ARCHIVE`.

When the hard drive activates, the stored architectural data becomes the basis for rebuilding the city. Blue holographic scans and architectural wireframes rise from the ruins, suggesting that the data once considered meaningless has become the last surviving blueprint of civilization.","Hand tension. Close-up motion only; fingers curl into a fist, knuckles whiten, slight tremor, no camera cut. Preserve character and environment continuity. Use smooth, physically plausible camera motion. Do not add unsupported characters, logos, subtitles, or unrelated props.",generated prompt only; no image or video asset is created or overwritten in stage 0-to-0.5
s2-2,Impact transition,21-25s,manual image-to-video or transition generation,image-to-video,Transition from office conflict to catastrophe.,"Impact transition. Transition from office conflict to catastrophe. Create a still image that can become the first frame of this shot. Continuity: same exhausted protagonist, same bureaucratic boss when present, same black CIVILIZATION ARCHIVE hard drive when present, cold blue data-office palette before the impact, ash-gray ruin palette after the impact, blue holographic reconstruction light in the final sequence. Style: vertical 9:16 cinematic frame, photorealistic sci-fi disaster film style, controlled composition, clear subject hierarchy, no subtitles, no watermark. Story context: # The Last Data

A future architectural data worker believes that scanning and uploading civilization data is meaningless routine work. In a cold data office, the protagonist is pressured by a boss to keep uploading architectural scan data even as an extinction-level impact alert interrupts the workday.

The conflict escalates because the boss still demands that the data upload be completed before evacuation. The protagonist finally breaks down, asking what the work is for if the world is ending.

After the catastrophe, the protagonist wakes in the ruins of the city. The office, the buildings, and the old civilization appear destroyed. In the ruins, the protagonist discovers a hard drive marked `CIVILIZATION ARCHIVE`.

When the hard drive activates, the stored architectural data becomes the basis for rebuilding the city. Blue holographic scans and architectural wireframes rise from the ruins, suggesting that the data once considered meaningless has become the last surviving blueprint of civilization.","Impact transition. A sudden shockwave and debris transition covers the frame, connecting the office conflict to the catastrophe. Preserve character and environment continuity. Use smooth, physically plausible camera motion. Do not add unsupported characters, logos, subtitles, or unrelated props.",generated prompt only; no image or video asset is created or overwritten in stage 0-to-0.5
s2-3,Confrontation,25-33s,manual image-to-video,image-to-video,The protagonist confronts the boss and questions the value of the work.,"Confrontation. The protagonist confronts the boss and questions the value of the work. Create a still image that can become the first frame of this shot. Continuity: same exhausted protagonist, same bureaucratic boss when present, same black CIVILIZATION ARCHIVE hard drive when present, cold blue data-office palette before the impact, ash-gray ruin palette after the impact, blue holographic reconstruction light in the final sequence. Style: vertical 9:16 cinematic frame, photorealistic sci-fi disaster film style, controlled composition, clear subject hierarchy, no subtitles, no watermark. Story context: # The Last Data

A future architectural data worker believes that scanning and uploading civilization data is meaningless routine work. In a cold data office, the protagonist is pressured by a boss to keep uploading architectural scan data even as an extinction-level impact alert interrupts the workday.

The conflict escalates because the boss still demands that the data upload be completed before evacuation. The protagonist finally breaks down, asking what the work is for if the world is ending.

After the catastrophe, the protagonist wakes in the ruins of the city. The office, the buildings, and the old civilization appear destroyed. In the ruins, the protagonist discovers a hard drive marked `CIVILIZATION ARCHIVE`.

When the hard drive activates, the stored architectural data becomes the basis for rebuilding the city. Blue holographic scans and architectural wireframes rise from the ruins, suggesting that the data once considered meaningless has become the last surviving blueprint of civilization.","Confrontation. Handheld confrontation energy; the protagonist grabs the boss, office objects scatter, red warning light intensifies. Preserve character and environment continuity. Use smooth, physically plausible camera motion. Do not add unsupported characters, logos, subtitles, or unrelated props.",generated prompt only; no image or video asset is created or overwritten in stage 0-to-0.5
s3-1,Waking in ruins,33-45s,manual image-to-video,image-to-video,The protagonist wakes after the catastrophe and sees the destroyed city.,"Waking in ruins. The protagonist wakes after the catastrophe and sees the destroyed city. Create a still image that can become the first frame of this shot. Continuity: same exhausted protagonist, same bureaucratic boss when present, same black CIVILIZATION ARCHIVE hard drive when present, cold blue data-office palette before the impact, ash-gray ruin palette after the impact, blue holographic reconstruction light in the final sequence. Style: vertical 9:16 cinematic frame, photorealistic sci-fi disaster film style, controlled composition, clear subject hierarchy, no subtitles, no watermark. Story context: # The Last Data

A future architectural data worker believes that scanning and uploading civilization data is meaningless routine work. In a cold data office, the protagonist is pressured by a boss to keep uploading architectural scan data even as an extinction-level impact alert interrupts the workday.

The conflict escalates because the boss still demands that the data upload be completed before evacuation. The protagonist finally breaks down, asking what the work is for if the world is ending.

After the catastrophe, the protagonist wakes in the ruins of the city. The office, the buildings, and the old civilization appear destroyed. In the ruins, the protagonist discovers a hard drive marked `CIVILIZATION ARCHIVE`.

When the hard drive activates, the stored architectural data becomes the basis for rebuilding the city. Blue holographic scans and architectural wireframes rise from the ruins, suggesting that the data once considered meaningless has become the last surviving blueprint of civilization.","Waking in ruins. First-person awakening rhythm; blurred darkness opens into ruins, then slowly rises toward a destroyed city view. Preserve character and environment continuity. Use smooth, physically plausible camera motion. Do not add unsupported characters, logos, subtitles, or unrelated props.",generated prompt only; no image or video asset is created or overwritten in stage 0-to-0.5
s3-2,Civilization archive activation,45-53s,manual image-to-video,image-to-video,The protagonist discovers and activates the CIVILIZATION ARCHIVE hard drive.,"Civilization archive activation. The protagonist discovers and activates the CIVILIZATION ARCHIVE hard drive. Create a still image that can become the first frame of this shot. Continuity: same exhausted protagonist, same bureaucratic boss when present, same black CIVILIZATION ARCHIVE hard drive when present, cold blue data-office palette before the impact, ash-gray ruin palette after the impact, blue holographic reconstruction light in the final sequence. Style: vertical 9:16 cinematic frame, photorealistic sci-fi disaster film style, controlled composition, clear subject hierarchy, no subtitles, no watermark. Story context: # The Last Data

A future architectural data worker believes that scanning and uploading civilization data is meaningless routine work. In a cold data office, the protagonist is pressured by a boss to keep uploading architectural scan data even as an extinction-level impact alert interrupts the workday.

The conflict escalates because the boss still demands that the data upload be completed before evacuation. The protagonist finally breaks down, asking what the work is for if the world is ending.

After the catastrophe, the protagonist wakes in the ruins of the city. The office, the buildings, and the old civilization appear destroyed. In the ruins, the protagonist discovers a hard drive marked `CIVILIZATION ARCHIVE`.

When the hard drive activates, the stored architectural data becomes the basis for rebuilding the city. Blue holographic scans and architectural wireframes rise from the ruins, suggesting that the data once considered meaningless has become the last surviving blueprint of civilization.","Civilization archive activation. Macro focus on the hard drive; dust is wiped away, blue startup light activates, scanning light crosses the surface. Preserve character and environment continuity. Use smooth, physically plausible camera motion. Do not add unsupported characters, logos, subtitles, or unrelated props.",generated prompt only; no image or video asset is created or overwritten in stage 0-to-0.5
s4,Holographic reconstruction,53-70s,manual image-to-video,image-to-video,Blue holographic architectural data rebuilds the city from the ruins.,"Holographic reconstruction. Blue holographic architectural data rebuilds the city from the ruins. Create a still image that can become the first frame of this shot. Continuity: same exhausted protagonist, same bureaucratic boss when present, same black CIVILIZATION ARCHIVE hard drive when present, cold blue data-office palette before the impact, ash-gray ruin palette after the impact, blue holographic reconstruction light in the final sequence. Style: vertical 9:16 cinematic frame, photorealistic sci-fi disaster film style, controlled composition, clear subject hierarchy, no subtitles, no watermark. Story context: # The Last Data

A future architectural data worker believes that scanning and uploading civilization data is meaningless routine work. In a cold data office, the protagonist is pressured by a boss to keep uploading architectural scan data even as an extinction-level impact alert interrupts the workday.

The conflict escalates because the boss still demands that the data upload be completed before evacuation. The protagonist finally breaks down, asking what the work is for if the world is ending.

After the catastrophe, the protagonist wakes in the ruins of the city. The office, the buildings, and the old civilization appear destroyed. In the ruins, the protagonist discovers a hard drive marked `CIVILIZATION ARCHIVE`.

When the hard drive activates, the stored architectural data becomes the basis for rebuilding the city. Blue holographic scans and architectural wireframes rise from the ruins, suggesting that the data once considered meaningless has become the last surviving blueprint of civilization.","Holographic reconstruction. One-shot reconstruction movement; blue holographic wireframes rise from ruins, architectural data rebuilds city forms. Preserve character and environment continuity. Use smooth, physically plausible camera motion. Do not add unsupported characters, logos, subtitles, or unrelated props.",generated prompt only; no image or video asset is created or overwritten in stage 0-to-0.5
